{"$schema":"http://schema.management.azure.com/schemas/2015-01-01/deploymentTemplate.json#","contentVersion":"1.0.0.0","parameters":{"workspaceName":{"type":"string","metadata":"Workspace name","defaultValue":"myfreegit"},"githubserver":{"type":"string"},"myfreegit-WorkspaceDefaultStorage":{"type":"string"}},"variables":{"workspaceId":"[concat('Microsoft.Synapse/workspaces/', parameters('workspaceName'))]"},"resources":[{"name":"[concat(parameters('workspaceName'), '/CopyPipeline_8or')]","type":"Microsoft.Synapse/workspaces/pipelines","apiVersion":"2019-06-01-preview","properties":{"activities":[{"name":"Copy_8or","type":"Copy","dependsOn":[],"policy":{"timeout":"0.12:00:00","retry":0,"retryIntervalInSeconds":30,"secureOutput":false,"secureInput":false},"userProperties":[{"name":"Destination","value":"files/products_data/products.csv"}],"typeProperties":{"source":{"type":"DelimitedTextSource","storeSettings":{"type":"HttpReadSettings","requestMethod":"GET"},"formatSettings":{"type":"DelimitedTextReadSettings","skipLineCount":0}},"sink":{"type":"DelimitedTextSink","storeSettings":{"type":"AzureBlobFSWriteSettings"},"formatSettings":{"type":"DelimitedTextWriteSettings","quoteAllText":true,"fileExtension":".txt"}},"enableStaging":false,"translator":{"type":"TabularTranslator","typeConversion":true,"typeConversionSettings":{"allowDataTruncation":true,"treatBooleanAsNumber":false}}},"inputs":[{"referenceName":"SourceDataset_8or","type":"DatasetReference","parameters":{}}],"outputs":[{"referenceName":"DestinationDataset_8or","type":"DatasetReference","parameters":{}}]}],"policy":{"elapsedTimeMetric":{}},"annotations":[],"lastPublishTime":"2024-10-28T07:20:27Z"},"dependsOn":["[concat(variables('workspaceId'), '/datasets/SourceDataset_8or')]","[concat(variables('workspaceId'), '/datasets/DestinationDataset_8or')]"]},{"name":"[concat(parameters('workspaceName'), '/SourceDataset_8or')]","type":"Microsoft.Synapse/workspaces/datasets","apiVersion":"2019-06-01-preview","properties":{"linkedServiceName":{"referenceName":"[parameters('githubserver')]","type":"LinkedServiceReference"},"annotations":[],"type":"DelimitedText","typeProperties":{"location":{"type":"HttpServerLocation"},"columnDelimiter":",","rowDelimiter":"\n","escapeChar":"\\","firstRowAsHeader":true,"quoteChar":"\""},"schema":[{"name":"ProductID","type":"String"},{"name":"ProductName","type":"String"},{"name":"Category","type":"String"},{"name":"ListPrice","type":"String"}]},"dependsOn":[]},{"name":"[concat(parameters('workspaceName'), '/DestinationDataset_8or')]","type":"Microsoft.Synapse/workspaces/datasets","apiVersion":"2019-06-01-preview","properties":{"linkedServiceName":{"referenceName":"[parameters('myfreegit-WorkspaceDefaultStorage')]","type":"LinkedServiceReference"},"annotations":[],"type":"DelimitedText","typeProperties":{"location":{"type":"AzureBlobFSLocation","fileName":"products.csv","folderPath":"products_data","fileSystem":"files"},"columnDelimiter":",","escapeChar":"\\","firstRowAsHeader":true,"quoteChar":"\""},"schema":[]},"dependsOn":[]}]}